-- phpMyAdmin SQL Dump
-- version 5.0.3
-- https://www.phpmyadmin.net/
--
-- Host: 127.0.0.1
-- Generation Time: Aug 26, 2021 at 10:07 AM
-- Server version: 10.4.14-MariaDB
-- PHP Version: 7.2.34

SET SQL_MODE = "NO_AUTO_VALUE_ON_ZERO";
START TRANSACTION;
SET time_zone = "+00:00";


/*!40101 SET @OLD_CHARACTER_SET_CLIENT=@@CHARACTER_SET_CLIENT */;
/*!40101 SET @OLD_CHARACTER_SET_RESULTS=@@CHARACTER_SET_RESULTS */;
/*!40101 SET @OLD_COLLATION_CONNECTION=@@COLLATION_CONNECTION */;
/*!40101 SET NAMES utf8mb4 */;

--
-- Database: `new_koperasi`
--

-- --------------------------------------------------------

--
-- Table structure for table `anggota`
--

CREATE TABLE `anggota` (
  `id_anggota` int(11) NOT NULL,
  `nama_anggota` varchar(100) NOT NULL,
  `jenis_kelamin` varchar(50) NOT NULL,
  `username` varchar(100) NOT NULL,
  `password` varchar(100) NOT NULL,
  `alamat` varchar(100) NOT NULL,
  `no_tlp` varchar(50) NOT NULL,
  `no_ktp` varchar(50) NOT NULL,
  `foto_anggota` varchar(150) NOT NULL
) ENGINE=InnoDB DEFAULT CHARSET=latin1;

--
-- Dumping data for table `anggota`
--

INSERT INTO `anggota` (`id_anggota`, `nama_anggota`, `jenis_kelamin`, `username`, `password`, `alamat`, `no_tlp`, `no_ktp`, `foto_anggota`) VALUES
(5, 'Budiono', 'Laki-Laki', 'ono12', '12345', 'Cakung', '087598691276', '1234567890', 'ava1.png'),
(6, 'Agus', '', 'agus12', '123456', 'Jl. Raden inten', '086431789654', '5675654534243', 'ava1.png'),
(7, 'Sumini', '', 'sum123', '123456', 'Jl. Raya Duta Kranji', '089567314576', '319756426406489', 'ava1.png'),
(8, 'Wartini', 'Wanita', 'tini45', '123456', 'Jl. Raya Kranji', '087764520134', '31976425794406135', 'userwanita.png'),
(9, 'Bambang Eko', 'Pria', 'bambang78', '123456', 'Jl. Beringin Raya ', '081324679106', '31978640564897', 'ava1.png'),
(10, 'Parjo', 'Pria', 'parjo5', '123456', 'Jl. Tarumanegara', '085684213970', '39468730456799461', 'ava1.png'),
(11, 'Sri Rahayu', 'Wanita', 'rahayu12', '12345', 'Jl. Duta Kranji ', '082187261098', '317508213490118752', 'userwanita.png'),
(12, 'Eni Hartati', 'Wanita', 'eni123', '1234', 'Jl. Kranji No 2', '087813408716', '31876201923412789', 'userwanita.png');

-- --------------------------------------------------------

--
-- Table structure for table `barang_dagang`
--

CREATE TABLE `barang_dagang` (
  `id_barang` int(11) NOT NULL,
  `id_jenis` int(11) NOT NULL,
  `nama_barang` varchar(100) NOT NULL,
  `harga_kilo` varchar(100) NOT NULL,
  `satuan_barang` varchar(50) NOT NULL,
  `jumlah_kilo` varchar(100) NOT NULL,
  `jumlah_minimal` varchar(100) NOT NULL,
  `jumlah_maksimal` varchar(100) NOT NULL,
  `gambar_barang` varchar(100) NOT NULL
) ENGINE=InnoDB DEFAULT CHARSET=latin1;

--
-- Dumping data for table `barang_dagang`
--

INSERT INTO `barang_dagang` (`id_barang`, `id_jenis`, `nama_barang`, `harga_kilo`, `satuan_barang`, `jumlah_kilo`, `jumlah_minimal`, `jumlah_maksimal`, `gambar_barang`) VALUES
(1, 2, 'Cabe Rawit Hijau', '50000', 'Kg', '89986', '50000', '400000', 'cabe_rawit_hijau.jpg'),
(2, 3, 'Daging Sapi', '128000', 'Kg', '32950', '20000', '500000', 'daging1.jpg'),
(3, 3, 'Daging Ayam', '40000', 'Kg', '44026', '30000', '650000', 'daging_ayam.jpg'),
(4, 4, 'Telur Ayam Negeri', '25000', 'Kg', '5840', '10000', '450000', 'telur_ayam.jpg'),
(5, 2, 'Bawang Merah', '32500', 'Kg', '22871', '20000', '500000', 'bawang_merah.jpg'),
(6, 1, 'Sayur Sawi Hijau', '8000', 'Kg', '5805', '30000', '650000', 'sayur_sawi.jpg'),
(7, 1, 'Tomat', '6000', 'Kg', '23036', '20000', '540000', 'tomat.jpg'),
(8, 1, 'Sayur Kangkung', '5500', 'Kg', '8065', '30000', '300000', 'kangkung.jpg'),
(9, 5, 'Beras Kualitas Bawah I', '9000', 'Kg', '20050', '20000', '510000', 'beras.jpg'),
(10, 5, 'Beras Kualitas Bawah II', '8500', 'Kg', '16850', '20000', '650000', 'beras.jpg'),
(11, 2, 'Bawang Putih', '20000', 'Kg', '24144', '20000', '750000', 'bawang_putih.jpg'),
(12, 2, 'Cabai Merah Besar', '25000', 'Kg', '7200', '25000', '800000', 'cabai_merah.jpg'),
(18, 2, 'Cabai Merah Keriting', '21000', 'Kg', '1345', '25000', '780000', 'cabe_keriting.jpg'),
(19, 1, 'Sayur Bayam', '10000', 'Kg', '22226', '21000', '625000', 'bayam.jpg'),
(20, 1, 'Kacang Panjang', '8000', 'Kg', '1035', '30000', '870000', 'kacang_panjang.jpg'),
(21, 1, 'Wortel', '7000', 'Kg', '6000', '15000', '590000', 'wortel.jpg'),
(22, 1, 'Daun Singkong', '12000', 'Kg', '', '18000', '670000', 'daun_singkong.jpg'),
(24, 1, 'Labu Siam', '4000', 'Kg', '', '23000', '450000', 'labu_siam.jpg'),
(25, 1, 'Sawi Putih', '14000', 'Kg', '', '27000', '689000', 'Sawi-Putih.jpg'),
(26, 5, 'Beras Kualitas Medium I', '12300', 'Kg', '15130', '15000', '600000', 'beras.jpg'),
(27, 5, 'Beras Kualitas Medium II', '11000', 'Kg', '16112', '15000', '600000', 'beras.jpg'),
(28, 5, 'Beras Kualitas Super I', '13800', 'Kg', '19160', '15500', '600000', 'beras.jpg'),
(29, 5, 'Beras Kualitas Super II', '13200', 'Kg', '91152', '16500', '600000', 'beras.jpg');

-- --------------------------------------------------------

--
-- Table structure for table `barang_detail`
--

CREATE TABLE `barang_detail` (
  `id_detail_barang` int(11) NOT NULL,
  `id_jenis` int(11) NOT NULL,
  `id_barang` int(11) NOT NULL,
  `id_supplier` int(11) NOT NULL,
  `jumlah_detail` varchar(100) NOT NULL,
  `tanggal_masuk` date NOT NULL
) ENGINE=InnoDB DEFAULT CHARSET=latin1;

--
-- Dumping data for table `barang_detail`
--

INSERT INTO `barang_detail` (`id_detail_barang`, `id_jenis`, `id_barang`, `id_supplier`, `jumlah_detail`, `tanggal_masuk`) VALUES
(1, 2, 1, 1, '1300', '2021-04-12'),
(2, 3, 2, 4, '5000', '2021-04-12'),
(3, 5, 9, 3, '1600', '2021-04-13'),
(4, 3, 3, 2, '25000', '2021-04-05'),
(5, 5, 10, 3, '1600', '2021-04-12'),
(6, 4, 4, 6, '6000', '2021-04-12'),
(8, 1, 6, 5, '6000', '2021-04-12'),
(10, 1, 7, 7, '23036', '2021-04-12'),
(11, 1, 8, 8, '8500', '2021-04-12'),
(12, 2, 12, 1, '7500', '2021-04-12'),
(13, 2, 18, 1, '1500', '2021-05-11'),
(14, 1, 19, 9, '2000', '2021-07-05'),
(15, 1, 20, 10, '1000', '2021-07-06'),
(17, 1, 20, 10, '100', '2021-07-08'),
(18, 1, 21, 10, '1000', '2021-07-05'),
(19, 1, 21, 1, '5000', '2021-07-01'),
(20, 2, 1, 1, '10000', '2021-04-25'),
(21, 2, 1, 1, '9600', '2021-03-26'),
(22, 2, 1, 1, '15000', '2021-03-27'),
(23, 1, 19, 9, '12000', '2021-03-25'),
(24, 1, 19, 9, '11500', '2021-03-26'),
(25, 2, 5, 6, '12700', '2021-03-25'),
(26, 2, 5, 6, '13000', '2021-03-26'),
(27, 2, 11, 6, '14000', '2021-03-25'),
(28, 2, 11, 6, '11500', '2021-03-26'),
(29, 3, 3, 2, '2500', '2021-03-25'),
(30, 3, 3, 2, '2100', '2021-03-26'),
(31, 3, 3, 2, '1958', '2021-03-29'),
(32, 5, 26, 3, '20500', '2021-03-25'),
(33, 5, 9, 3, '23000', '2021-03-25'),
(34, 5, 10, 3, '22500', '2021-03-25'),
(35, 5, 27, 3, '23000', '2021-03-25'),
(36, 5, 28, 3, '24500', '2021-03-25'),
(37, 5, 29, 3, '2600', '2021-03-25'),
(38, 3, 2, 4, '2000', '2021-03-25'),
(39, 3, 2, 4, '2300', '2021-03-28'),
(40, 3, 2, 4, '2150', '2021-03-26'),
(41, 3, 2, 4, '2050', '2021-03-27'),
(42, 3, 3, 2, '2400', '2021-05-01'),
(43, 3, 3, 2, '2500', '2021-04-30'),
(44, 3, 3, 2, '2400', '2021-03-28'),
(45, 3, 2, 4, '2600', '2021-04-30'),
(46, 3, 2, 4, '2400', '2021-03-29'),
(47, 3, 2, 4, '2730', '2021-03-30'),
(48, 3, 2, 4, '2150', '2021-03-31'),
(49, 3, 2, 4, '2480', '2021-04-01'),
(50, 3, 2, 4, '2530', '2021-04-02'),
(51, 3, 2, 4, '1980', '2021-04-03'),
(52, 3, 2, 4, '2350', '2021-04-04'),
(53, 3, 2, 4, '2500', '2021-04-05'),
(54, 3, 2, 4, '2950', '2021-04-06'),
(55, 3, 2, 4, '2756', '2021-04-07'),
(56, 3, 2, 4, '3000', '2021-04-08'),
(57, 3, 2, 4, '2620', '2021-04-09'),
(58, 3, 3, 2, '2600', '2021-03-30'),
(59, 3, 3, 2, '2600', '2021-03-31'),
(60, 3, 3, 2, '2200', '2021-04-01'),
(61, 3, 3, 2, '2450', '2021-04-02'),
(62, 3, 3, 2, '2510', '2021-04-03'),
(63, 2, 1, 1, '10500', '2021-08-05'),
(64, 2, 1, 1, '12000', '2021-08-03'),
(65, 2, 1, 1, '12000', '2021-04-04'),
(66, 5, 29, 3, '24000', '2021-03-25'),
(67, 2, 1, 1, '12500', '2021-04-05');

-- --------------------------------------------------------

--
-- Table structure for table `cicilan`
--

CREATE TABLE `cicilan` (
  `id_cicilan` int(11) NOT NULL,
  `bulan` int(11) NOT NULL,
  `bunga` int(11) NOT NULL
) ENGINE=InnoDB DEFAULT CHARSET=latin1;

--
-- Dumping data for table `cicilan`
--

INSERT INTO `cicilan` (`id_cicilan`, `bulan`, `bunga`) VALUES
(1, 1, 1),
(2, 3, 1);

-- --------------------------------------------------------

--
-- Table structure for table `iuran_detail`
--

CREATE TABLE `iuran_detail` (
  `id_iuran` int(11) NOT NULL,
  `id_anggota` int(11) NOT NULL,
  `tanggal_iuran` date NOT NULL,
  `jumlah_iuran` varchar(100) NOT NULL
) ENGINE=InnoDB DEFAULT CHARSET=latin1;

--
-- Dumping data for table `iuran_detail`
--

INSERT INTO `iuran_detail` (`id_iuran`, `id_anggota`, `tanggal_iuran`, `jumlah_iuran`) VALUES
(1, 10, '2021-07-07', '25000'),
(2, 5, '2021-07-06', '15000'),
(3, 8, '2021-07-08', '20000'),
(4, 9, '2021-07-08', '25000'),
(5, 5, '2021-07-08', '10000'),
(6, 5, '2021-08-05', '25000'),
(7, 5, '2021-08-06', '15000');

-- --------------------------------------------------------

--
-- Table structure for table `jenis_barang`
--

CREATE TABLE `jenis_barang` (
  `id_jenis` int(11) NOT NULL,
  `nama_jenis_barang` varchar(100) NOT NULL
) ENGINE=InnoDB DEFAULT CHARSET=latin1;

--
-- Dumping data for table `jenis_barang`
--

INSERT INTO `jenis_barang` (`id_jenis`, `nama_jenis_barang`) VALUES
(1, 'Sayur'),
(2, 'Bumbu'),
(3, 'Daging'),
(4, 'Telur'),
(5, 'Beras');

-- --------------------------------------------------------

--
-- Table structure for table `jenis_simpanan`
--

CREATE TABLE `jenis_simpanan` (
  `id_jenis_simpanan` int(11) NOT NULL,
  `jenis_simpanan` varchar(50) NOT NULL
) ENGINE=InnoDB DEFAULT CHARSET=latin1;

--
-- Dumping data for table `jenis_simpanan`
--

INSERT INTO `jenis_simpanan` (`id_jenis_simpanan`, `jenis_simpanan`) VALUES
(1, 'Wajib'),
(2, 'Pokok');

-- --------------------------------------------------------

--
-- Table structure for table `manager`
--

CREATE TABLE `manager` (
  `id_manager` int(11) NOT NULL,
  `nama_manager` varchar(100) NOT NULL,
  `jenis_kelamin` varchar(50) NOT NULL,
  `alamat` varchar(100) NOT NULL,
  `username` varchar(100) NOT NULL,
  `password` varchar(100) NOT NULL,
  `no_tlp` varchar(50) NOT NULL,
  `foto_manager` varchar(255) NOT NULL
) ENGINE=InnoDB DEFAULT CHARSET=latin1;

--
-- Dumping data for table `manager`
--

INSERT INTO `manager` (`id_manager`, `nama_manager`, `jenis_kelamin`, `alamat`, `username`, `password`, `no_tlp`, `foto_manager`) VALUES
(1, 'Mulyadi', 'Pria', 'Jl. Raya Kranji', 'mulyadi12', '12345', '087891376485', 'ava1.png'),
(2, 'pujiono', 'Pria', 'Jl. Flamboyan', 'puji123', '123456', '085798139921', 'ava1.png'),
(3, 'Bani', 'Pria', 'Jl. Raya Kranji ', 'bani123', '12345', '081387210562', 'ava1.png');

-- --------------------------------------------------------

--
-- Table structure for table `pembelian`
--

CREATE TABLE `pembelian` (
  `id_pembelian` int(11) NOT NULL,
  `id_anggota` int(11) NOT NULL,
  `nama` varchar(50) NOT NULL,
  `tanggal_pembelian` date NOT NULL,
  `total_pembelian` int(50) NOT NULL
) ENGINE=InnoDB DEFAULT CHARSET=utf8mb4;

--
-- Dumping data for table `pembelian`
--

INSERT INTO `pembelian` (`id_pembelian`, `id_anggota`, `nama`, `tanggal_pembelian`, `total_pembelian`) VALUES
(1, 5, 'Budiono', '2021-03-25', 16295000),
(2, 5, 'Budiono', '2021-03-26', 18386500),
(3, 5, 'Budiono', '2021-03-27', 17545500),
(4, 5, 'Budiono', '2021-03-28', 13377500),
(5, 5, 'Budiono', '2021-03-29', 16125000),
(6, 5, 'Budiono', '2021-03-30', 19617500),
(7, 5, 'Budiono', '2021-03-31', 17970000),
(8, 5, 'Budiono', '2021-04-01', 16715000),
(9, 5, 'Budiono', '2021-04-02', 16587500),
(10, 5, 'Budiono', '2021-04-03', 18235500),
(11, 5, 'Budiono', '2021-04-04', 18715000),
(12, 5, 'Budiono', '2021-04-05', 16682500),
(13, 5, 'Budiono', '2021-04-06', 18915000),
(14, 6, 'Agus', '2021-03-25', 8120000),
(15, 6, 'Agus', '2021-03-26', 8400000),
(16, 6, 'Agus', '2021-03-27', 8000000),
(17, 6, 'Agus', '2021-03-28', 8800000),
(18, 6, 'Agus', '2021-03-29', 9400000),
(19, 6, 'Agus', '2021-03-30', 8600000),
(20, 6, 'Agus', '2021-03-31', 10000000),
(21, 6, 'Agus', '2021-04-01', 9000000),
(22, 6, 'Agus', '2021-04-02', 10720000),
(23, 6, 'Agus', '2021-04-03', 9880000),
(24, 6, 'Agus', '2021-04-04', 10960000),
(25, 6, 'Agus', '2021-04-05', 10040000),
(26, 6, 'Agus', '2021-04-06', 10520000),
(27, 5, 'Budiono', '2021-04-07', 15392500),
(28, 6, 'Agus', '2021-04-07', 10840000),
(29, 10, 'Parjo', '2021-03-25', 101080000),
(30, 10, 'Parjo', '2021-03-26', 96422000),
(31, 8, 'Wartini', '2021-03-25', 32000000),
(32, 8, 'Wartini', '2021-03-26', 31360000),
(33, 8, 'Wartini', '2021-03-27', 28160000),
(34, 8, 'Wartini', '2021-03-28', 29440000),
(35, 8, 'Wartini', '2021-03-29', 31360000),
(36, 8, 'Wartini', '2021-03-30', 26880000),
(37, 8, 'Wartini', '2021-03-31', 25600000),
(38, 8, 'Wartini', '2021-04-01', 30080000),
(39, 8, 'Wartini', '2021-04-02', 28800000),
(40, 8, 'Wartini', '2021-04-03', 26240000),
(41, 8, 'Wartini', '2021-04-04', 33280000),
(42, 8, 'Wartini', '2021-04-05', 34560000),
(43, 8, 'Wartini', '2021-04-06', 32000000),
(44, 10, 'Parjo', '2021-03-27', 99120000),
(45, 10, 'Parjo', '2021-03-28', 96449600),
(46, 5, 'Budiono', '2021-04-08', 17162500),
(47, 6, 'Agus', '2021-04-08', 9840000),
(48, 5, 'Budiono', '2021-04-09', 15930000),
(49, 6, 'Agus', '2021-04-09', 11280000),
(50, 6, 'Agus', '2021-04-10', 9360000),
(51, 6, 'Agus', '2021-04-11', 7600000),
(52, 6, 'Agus', '2021-04-12', 8840000),
(53, 5, 'Budiono', '2021-04-10', 19215000),
(54, 5, 'Budiono', '2021-04-11', 16527500),
(55, 5, 'Budiono', '2021-04-12', 16622500),
(56, 5, 'Budiono', '2021-04-13', 17510000),
(57, 5, 'Budiono', '2021-04-14', 18445000),
(58, 5, 'Budiono', '2021-04-15', 17760000),
(59, 5, 'Budiono', '2021-04-16', 16905000),
(60, 5, 'Budiono', '2021-04-17', 17250000),
(61, 5, 'Budiono', '2021-04-18', 16115000),
(62, 6, 'Agus', '2021-04-13', 9800000),
(63, 6, 'Agus', '2021-04-14', 10720000),
(64, 6, 'Agus', '2021-04-15', 10200000),
(65, 5, 'Budiono', '2021-04-19', 17297500),
(66, 5, 'Budiono', '2021-04-20', 17517500),
(67, 5, 'Budiono', '2021-04-21', 17995000),
(68, 5, 'Budiono', '2021-04-22', 17255000),
(69, 6, 'Agus', '2021-04-16', 9480000),
(70, 6, 'Agus', '2021-04-17', 11600000),
(71, 6, 'Agus', '2021-04-18', 10880000),
(72, 5, 'Budiono', '2021-04-23', 18297500),
(73, 5, 'Budiono', '2021-04-24', 18017500),
(74, 5, 'Budiono', '2021-04-25', 17280000),
(75, 5, 'Budiono', '2021-04-26', 18950000),
(76, 5, 'Budiono', '2021-04-27', 18852500),
(77, 5, 'Budiono', '2021-04-28', 19220000),
(78, 5, 'Budiono', '2021-04-29', 18332500),
(79, 5, 'Budiono', '2021-04-30', 16550000),
(80, 5, 'Budiono', '2021-05-01', 11855000),
(81, 5, 'Budiono', '2021-05-02', 14602500),
(82, 5, 'Budiono', '2021-05-03', 19090000),
(83, 5, 'Budiono', '2021-05-04', 18920000),
(84, 5, 'Budiono', '2021-05-05', 17862500),
(85, 5, 'Budiono', '2021-05-06', 16370000),
(86, 5, 'Budiono', '2021-05-07', 18800000),
(87, 6, 'Agus', '2021-04-19', 9840000),
(88, 6, 'Agus', '2021-04-20', 9200000),
(89, 6, 'Agus', '2021-04-21', 10280000),
(90, 6, 'Agus', '2021-04-21', 8400000),
(91, 6, 'Agus', '2021-04-23', 7920000),
(92, 6, 'Agus', '2021-04-24', 9800000),
(93, 5, 'Budiono', '2021-05-08', 17520000),
(94, 6, 'Agus', '2021-04-25', 10280000),
(95, 6, 'Agus', '2021-04-26', 8720000),
(96, 6, 'Agus', '2021-04-27', 9520000),
(97, 6, 'Agus', '2021-04-28', 9160000),
(98, 6, 'Agus', '2021-04-29', 7560000),
(99, 6, 'Agus', '2021-04-30', 8280000),
(100, 6, 'Agus', '2021-05-01', 10600000),
(101, 6, 'Agus', '2021-05-02', 9960000),
(102, 6, 'Agus', '2021-05-03', 10440000),
(103, 6, 'Agus', '2021-05-04', 10320000),
(104, 6, 'Agus', '2021-05-05', 11120000),
(105, 6, 'Agus', '2021-05-06', 10760000),
(106, 6, 'Agus', '2021-05-07', 11320000),
(107, 6, 'Agus', '2021-05-08', 11920000),
(108, 8, 'Wartini', '2021-04-07', 32000000),
(109, 8, 'Wartini', '2021-04-08', 31360000),
(111, 8, 'Wartini', '2021-04-09', 28800000),
(112, 8, 'Wartini', '2021-04-10', 29440000),
(113, 8, 'Wartini', '2021-04-11', 28160000),
(114, 8, 'Wartini', '2021-04-12', 28160000),
(115, 8, 'Wartini', '2021-04-13', 33280000),
(116, 8, 'Wartini', '2021-04-14', 32000000),
(117, 8, 'Wartini', '2021-04-15', 29440000),
(118, 8, 'Wartini', '2021-04-16', 30080000),
(120, 8, 'Wartini', '2021-04-17', 31360000),
(121, 8, 'Wartini', '2021-04-18', 32000000),
(122, 8, 'Wartini', '2021-04-19', 29440000),
(123, 8, 'Wartini', '2021-04-20', 26880000),
(124, 8, 'Wartini', '2021-04-21', 26240000),
(125, 8, 'Wartini', '2021-04-22', 28160000),
(126, 8, 'Wartini', '2021-04-23', 27520000),
(127, 8, 'Wartini', '2021-04-24', 28160000),
(128, 8, 'Wartini', '2021-04-25', 35840000),
(129, 8, 'Wartini', '2021-04-26', 26880000),
(130, 8, 'Wartini', '2021-04-27', 23040000),
(131, 8, 'Wartini', '2021-04-28', 29440000),
(132, 8, 'Wartini', '2021-04-29', 31360000),
(133, 8, 'Wartini', '2021-04-30', 33920000),
(134, 8, 'Wartini', '2021-05-01', 38400000),
(135, 8, 'Wartini', '2021-05-02', 32640000),
(136, 8, 'Wartini', '2021-05-03', 30464000),
(137, 8, 'Wartini', '2021-05-04', 31360000),
(138, 8, 'Wartini', '2021-05-05', 33920000),
(139, 8, 'Wartini', '2021-05-06', 29440000),
(140, 8, 'Wartini', '2021-05-07', 28800000),
(141, 8, 'Wartini', '2021-05-08', 29184000),
(149, 5, 'Budiono', '2021-05-09', 7850000),
(150, 5, 'Budiono', '2021-05-09', 980000),
(152, 5, 'Budiono', '2021-05-10', 7850000),
(153, 5, 'Budiono', '2021-05-10', 980000),
(154, 5, 'Budiono', '2021-05-10', 790000),
(159, 9, 'Bambang Eko', '2021-03-26', 570000),
(163, 5, 'Budiono', '2021-05-11', 7850000),
(164, 5, 'Budiono', '2021-05-11', 980000),
(165, 5, 'Budiono', '2021-05-11', 790000),
(166, 9, 'Bambang Eko', '2021-03-25', 600000),
(167, 9, 'Bambang Eko', '2021-03-26', 570000),
(168, 9, 'Bambang Eko', '2021-03-27', 540000),
(169, 9, 'Bambang Eko', '2021-03-28', 540000),
(170, 9, 'Bambang Eko', '2021-03-29', 540000);

-- --------------------------------------------------------

--
-- Table structure for table `pembelian_barang`
--

CREATE TABLE `pembelian_barang` (
  `id_pembelian_barang` int(11) NOT NULL,
  `id_pembelian` int(11) NOT NULL,
  `id_anggota` int(11) NOT NULL,
  `id_barang` int(11) NOT NULL,
  `total_harga` int(50) NOT NULL,
  `jumlah_barang` varchar(20) NOT NULL,
  `tanggal_pembelian` date NOT NULL
) ENGINE=InnoDB DEFAULT CHARSET=utf8mb4;

--
-- Dumping data for table `pembelian_barang`
--

INSERT INTO `pembelian_barang` (`id_pembelian_barang`, `id_pembelian`, `id_anggota`, `id_barang`, `total_harga`, `jumlah_barang`, `tanggal_pembelian`) VALUES
(1, 1, 5, 1, 7750000, '155', '2021-03-25'),
(2, 1, 5, 19, 570000, '57', '2021-03-25'),
(3, 1, 5, 5, 4875000, '150', '2021-03-25'),
(4, 1, 5, 11, 3100000, '155', '2021-03-25'),
(5, 2, 5, 1, 8950000, '179', '2021-03-26'),
(6, 2, 5, 19, 429000, '78', '2021-03-26'),
(7, 2, 5, 5, 5427500, '167', '2021-03-26'),
(8, 2, 5, 11, 3580000, '179', '2021-03-26'),
(9, 3, 5, 1, 8250000, '165', '2021-03-27'),
(10, 3, 5, 19, 308000, '56', '2021-03-27'),
(11, 3, 5, 5, 5687500, '175', '2021-03-27'),
(12, 3, 5, 11, 3300000, '165', '2021-03-27'),
(13, 4, 5, 1, 6250000, '125', '2021-03-28'),
(14, 4, 5, 19, 890000, '89', '2021-03-28'),
(15, 4, 5, 5, 3737500, '115', '2021-03-28'),
(16, 4, 5, 11, 2500000, '125', '2021-03-28'),
(17, 5, 5, 1, 7700000, '154', '2021-03-29'),
(18, 5, 5, 19, 990000, '99', '2021-03-29'),
(19, 5, 5, 5, 4355000, '134', '2021-03-29'),
(20, 5, 5, 11, 3080000, '154', '2021-03-29'),
(21, 6, 5, 1, 9450000, '189', '2021-03-30'),
(22, 6, 5, 19, 570000, '57', '2021-03-30'),
(23, 6, 5, 5, 5817500, '179', '2021-03-30'),
(24, 6, 5, 11, 3780000, '189', '2021-03-30'),
(25, 7, 5, 1, 8500000, '170', '2021-03-31'),
(26, 7, 5, 19, 870000, '87', '2021-03-31'),
(27, 7, 5, 5, 5200000, '160', '2021-03-31'),
(28, 7, 5, 11, 3400000, '170', '2021-03-31'),
(29, 8, 5, 1, 8000000, '160', '2021-04-01'),
(30, 8, 5, 19, 640000, '64', '2021-04-01'),
(31, 8, 5, 5, 4875000, '150', '2021-04-01'),
(32, 8, 5, 11, 3200000, '160', '2021-04-01'),
(33, 9, 5, 1, 7650000, '153', '2021-04-02'),
(34, 9, 5, 19, 580000, '58', '2021-04-02'),
(35, 9, 5, 5, 5297500, '163', '2021-04-02'),
(36, 9, 5, 11, 3060000, '153', '2021-04-02'),
(37, 10, 5, 1, 8600000, '172', '2021-04-03'),
(38, 10, 5, 19, 510000, '51', '2021-04-03'),
(39, 10, 5, 5, 5915000, '182', '2021-04-03'),
(40, 10, 5, 11, 3440000, '172', '2021-04-03'),
(41, 11, 5, 1, 9000000, '180', '2021-04-04'),
(42, 11, 5, 19, 590000, '59', '2021-04-04'),
(43, 11, 5, 5, 5525000, '170', '2021-04-04'),
(44, 11, 5, 11, 3600000, '180', '2021-04-04'),
(45, 12, 5, 1, 7650000, '153', '2021-04-05'),
(46, 12, 5, 19, 870000, '87', '2021-04-05'),
(47, 12, 5, 5, 5102500, '157', '2021-04-05'),
(48, 12, 5, 11, 3060000, '153', '2021-04-05'),
(49, 13, 5, 1, 8900000, '178', '2021-04-06'),
(50, 13, 5, 19, 670000, '67', '2021-04-06'),
(51, 13, 5, 5, 5785000, '178', '2021-04-06'),
(52, 13, 5, 11, 3560000, '178', '2021-04-06'),
(53, 14, 6, 3, 8120000, '203', '2021-03-25'),
(54, 15, 6, 3, 8400000, '210', '2021-03-26'),
(55, 16, 6, 3, 8000000, '200', '2021-03-27'),
(56, 17, 6, 3, 8800000, '220', '2021-03-28'),
(57, 18, 6, 3, 9400000, '235', '2021-03-29'),
(58, 19, 6, 3, 8600000, '215', '2021-03-30'),
(59, 20, 6, 3, 10000000, '250', '2021-03-31'),
(60, 21, 6, 3, 9000000, '225', '2021-04-01'),
(61, 22, 6, 3, 10720000, '268', '2021-04-02'),
(62, 23, 6, 3, 9880000, '247', '2021-04-03'),
(63, 24, 6, 3, 10960000, '274', '2021-04-04'),
(64, 25, 6, 3, 10040000, '251', '2021-04-05'),
(65, 26, 6, 3, 10520000, '263', '2021-04-06'),
(66, 27, 5, 1, 7000000, '140', '2021-04-07'),
(67, 27, 5, 19, 750000, '75', '2021-04-07'),
(68, 27, 5, 5, 4842500, '149', '2021-04-07'),
(69, 27, 5, 11, 2800000, '140', '2021-04-07'),
(70, 28, 6, 3, 10840000, '271', '2021-04-07'),
(71, 29, 10, 9, 9000000, '1000', '2021-03-25'),
(72, 29, 10, 10, 17000000, '2000', '2021-03-25'),
(73, 29, 10, 26, 18450000, '1500', '2021-03-25'),
(74, 29, 10, 27, 20900000, '1900', '2021-03-25'),
(75, 29, 10, 28, 17250000, '1250', '2021-03-25'),
(76, 29, 10, 29, 18480000, '1400', '2021-03-25'),
(77, 30, 10, 9, 10800000, '1200', '2021-03-26'),
(78, 30, 10, 10, 14025000, '1650', '2021-03-26'),
(79, 30, 10, 26, 15375000, '1250', '2021-03-26'),
(80, 30, 10, 27, 18590000, '1690', '2021-03-26'),
(81, 30, 10, 28, 18492000, '1340', '2021-03-26'),
(82, 30, 10, 29, 19140000, '1450', '2021-03-26'),
(83, 31, 8, 2, 32000000, '250', '2021-03-25'),
(84, 32, 8, 2, 31360000, '245', '2021-03-25'),
(85, 33, 8, 2, 28160000, '220', '2021-03-26'),
(86, 34, 8, 2, 29440000, '230', '2021-03-27'),
(87, 35, 8, 2, 31360000, '245', '2021-03-28'),
(88, 36, 8, 2, 26880000, '210', '2021-03-29'),
(89, 37, 8, 2, 25600000, '200', '2021-03-30'),
(90, 38, 8, 2, 30080000, '235', '2021-03-31'),
(91, 39, 8, 2, 28800000, '225', '2021-04-01'),
(92, 40, 8, 2, 26240000, '205', '2021-04-02'),
(93, 41, 8, 2, 33280000, '260', '2021-04-03'),
(94, 42, 8, 2, 34560000, '270', '2021-04-04'),
(95, 43, 8, 2, 32000000, '250', '2021-04-05'),
(96, 44, 10, 9, 11250000, '1250', '2021-03-27'),
(97, 44, 10, 10, 14875000, '1750', '2021-03-27'),
(98, 44, 10, 26, 16605000, '1350', '2021-03-27'),
(99, 44, 10, 27, 19250000, '1750', '2021-03-27'),
(100, 44, 10, 28, 19320000, '1400', '2021-03-27'),
(101, 44, 10, 29, 17820000, '1350', '2021-03-27'),
(102, 45, 10, 9, 9000000, '1000', '2021-03-28'),
(103, 45, 10, 10, 14450000, '1700', '2021-03-28'),
(104, 45, 10, 26, 15621000, '1270', '2021-03-28'),
(105, 45, 10, 27, 16995000, '1545', '2021-03-28'),
(106, 45, 10, 28, 18630000, '1350', '2021-03-28'),
(107, 45, 10, 29, 21753600, '1648', '2021-03-28'),
(108, 46, 5, 1, 7750000, '155', '2021-04-08'),
(109, 46, 5, 19, 950000, '95', '2021-04-08'),
(110, 46, 5, 5, 5362500, '165', '2021-04-08'),
(111, 46, 5, 11, 3100000, '155', '2021-04-08'),
(112, 47, 6, 3, 9840000, '246', '2021-04-08'),
(113, 48, 5, 1, 6900000, '138', '2021-04-09'),
(114, 48, 5, 19, 860000, '86', '2021-04-09'),
(115, 48, 5, 5, 4810000, '148', '2021-04-09'),
(116, 48, 5, 11, 3360000, '168', '2021-04-09'),
(117, 49, 6, 3, 11280000, '282', '2021-04-09'),
(118, 50, 6, 3, 9360000, '234', '2021-04-10'),
(119, 51, 6, 3, 7600000, '190', '2021-04-11'),
(120, 52, 6, 3, 8840000, '221', '2021-04-12'),
(121, 53, 5, 1, 9400000, '188', '2021-04-10'),
(122, 53, 5, 19, 870000, '87', '2021-04-10'),
(123, 53, 5, 5, 5785000, '178', '2021-04-10'),
(124, 53, 5, 11, 3160000, '158', '2021-04-10'),
(125, 54, 5, 1, 7500000, '150', '2021-04-11'),
(126, 54, 5, 19, 860000, '86', '2021-04-11'),
(127, 54, 5, 5, 5167500, '159', '2021-04-11'),
(128, 54, 5, 11, 3000000, '150', '2021-04-11'),
(129, 55, 5, 1, 7950000, '159', '2021-04-12'),
(130, 55, 5, 19, 670000, '67', '2021-04-12'),
(131, 55, 5, 5, 4842500, '149', '2021-04-12'),
(132, 55, 5, 11, 3160000, '158', '2021-04-12'),
(133, 56, 5, 1, 8200000, '164', '2021-04-13'),
(134, 56, 5, 5, 5460000, '168', '2021-04-13'),
(135, 56, 5, 19, 570000, '57', '2021-04-13'),
(136, 56, 5, 11, 3280000, '164', '2021-04-13'),
(137, 57, 5, 1, 8400000, '168', '2021-04-14'),
(138, 57, 5, 19, 900000, '90', '2021-04-14'),
(139, 57, 5, 5, 5785000, '178', '2021-04-14'),
(140, 57, 5, 11, 3360000, '168', '2021-04-14'),
(141, 58, 5, 1, 8300000, '166', '2021-04-15'),
(142, 58, 5, 5, 5070000, '156', '2021-04-15'),
(143, 58, 5, 19, 870000, '87', '2021-04-15'),
(144, 58, 5, 11, 3520000, '176', '2021-04-15'),
(145, 59, 5, 1, 7900000, '158', '2021-04-16'),
(146, 59, 5, 5, 4875000, '150', '2021-04-16'),
(147, 59, 5, 19, 570000, '57', '2021-04-16'),
(148, 59, 5, 11, 3560000, '178', '2021-04-16'),
(149, 60, 5, 1, 8100000, '162', '2021-04-17'),
(150, 60, 5, 19, 520000, '52', '2021-04-17'),
(151, 60, 5, 5, 5590000, '172', '2021-04-17'),
(152, 60, 5, 11, 3040000, '152', '2021-04-17'),
(153, 61, 5, 1, 7400000, '148', '2021-04-18'),
(154, 61, 5, 19, 680000, '68', '2021-04-18'),
(155, 61, 5, 5, 5135000, '158', '2021-04-18'),
(156, 61, 5, 11, 2900000, '145', '2021-04-18'),
(157, 62, 6, 3, 9800000, '245', '2021-04-13'),
(158, 63, 6, 3, 10720000, '268', '2021-04-14'),
(159, 64, 6, 3, 10200000, '255', '2021-04-15'),
(160, 65, 5, 1, 7650000, '153', '2021-04-19'),
(161, 65, 5, 19, 890000, '89', '2021-04-19'),
(162, 65, 5, 5, 5297500, '163', '2021-04-19'),
(163, 65, 5, 11, 3460000, '173', '2021-04-19'),
(164, 66, 5, 1, 8000000, '160', '2021-04-20'),
(165, 66, 5, 19, 760000, '76', '2021-04-20'),
(166, 66, 5, 5, 5037500, '155', '2021-04-20'),
(167, 66, 5, 11, 3720000, '186', '2021-04-20'),
(168, 67, 5, 1, 8400000, '168', '2021-04-21'),
(169, 67, 5, 19, 650000, '65', '2021-04-21'),
(170, 67, 5, 5, 5785000, '178', '2021-04-21'),
(171, 67, 5, 11, 3160000, '158', '2021-04-21'),
(172, 68, 5, 1, 8000000, '160', '2021-04-22'),
(173, 68, 5, 19, 780000, '78', '2021-04-22'),
(174, 68, 5, 5, 4875000, '150', '2021-04-22'),
(175, 68, 5, 11, 3600000, '180', '2021-04-22'),
(176, 69, 6, 3, 9480000, '237', '2021-04-16'),
(177, 70, 6, 3, 11600000, '290', '2021-04-17'),
(178, 71, 6, 3, 10880000, '272', '2021-04-18'),
(179, 72, 5, 1, 8450000, '169', '2021-04-23'),
(180, 72, 5, 5, 5817500, '179', '2021-04-23'),
(181, 72, 5, 11, 3380000, '169', '2021-04-23'),
(182, 72, 5, 19, 650000, '65', '2021-04-23'),
(183, 73, 5, 1, 8850000, '177', '2021-04-24'),
(184, 73, 5, 5, 5427500, '167', '2021-04-24'),
(185, 73, 5, 11, 3180000, '159', '2021-04-24'),
(186, 73, 5, 19, 560000, '56', '2021-04-24'),
(187, 74, 5, 1, 8600000, '172', '2021-04-25'),
(188, 74, 5, 19, 500000, '50', '2021-04-25'),
(189, 74, 5, 5, 4940000, '152', '2021-04-25'),
(190, 74, 5, 11, 3240000, '162', '2021-04-25'),
(191, 75, 5, 1, 9050000, '181', '2021-04-26'),
(192, 75, 5, 19, 590000, '59', '2021-04-26'),
(193, 75, 5, 5, 5590000, '172', '2021-04-26'),
(194, 75, 5, 11, 3720000, '186', '2021-04-26'),
(195, 76, 5, 1, 8450000, '169', '2021-04-27'),
(196, 76, 5, 5, 6142500, '189', '2021-04-27'),
(197, 76, 5, 11, 3500000, '175', '2021-04-27'),
(198, 76, 5, 19, 760000, '76', '2021-04-27'),
(199, 77, 5, 1, 9650000, '193', '2021-04-28'),
(200, 77, 5, 5, 5330000, '164', '2021-04-28'),
(201, 77, 5, 11, 3660000, '183', '2021-04-28'),
(202, 77, 5, 19, 580000, '58', '2021-04-28'),
(203, 78, 5, 1, 8750000, '175', '2021-04-29'),
(204, 78, 5, 5, 6012500, '185', '2021-04-29'),
(205, 78, 5, 11, 2700000, '135', '2021-04-29'),
(206, 78, 5, 19, 870000, '87', '2021-04-29'),
(207, 79, 5, 1, 7900000, '158', '2021-04-30'),
(208, 79, 5, 19, 680000, '68', '2021-04-30'),
(209, 79, 5, 5, 4810000, '148', '2021-04-30'),
(210, 79, 5, 11, 3160000, '158', '2021-04-30'),
(211, 80, 5, 1, 5000000, '100', '2021-05-01'),
(212, 80, 5, 5, 3575000, '110', '2021-05-01'),
(213, 80, 5, 11, 2400000, '120', '2021-05-01'),
(214, 80, 5, 19, 880000, '88', '2021-05-01'),
(215, 81, 5, 1, 6750000, '135', '2021-05-02'),
(216, 81, 5, 19, 990000, '99', '2021-05-02'),
(217, 81, 5, 5, 4062500, '125', '2021-05-02'),
(218, 81, 5, 11, 2800000, '140', '2021-05-02'),
(219, 82, 5, 1, 8900000, '178', '2021-05-03'),
(220, 82, 5, 19, 970000, '97', '2021-05-03'),
(221, 82, 5, 5, 5460000, '168', '2021-05-03'),
(222, 82, 5, 11, 3760000, '188', '2021-05-03'),
(223, 83, 5, 1, 8700000, '174', '2021-05-04'),
(224, 83, 5, 19, 760000, '76', '2021-05-04'),
(225, 83, 5, 5, 5980000, '184', '2021-05-04'),
(226, 83, 5, 11, 3480000, '174', '2021-05-04'),
(227, 84, 5, 1, 8350000, '167', '2021-05-05'),
(228, 84, 5, 19, 770000, '77', '2021-05-05'),
(229, 84, 5, 5, 5102500, '157', '2021-05-05'),
(230, 84, 5, 11, 3640000, '182', '2021-05-05'),
(231, 85, 5, 1, 6700000, '134', '2021-05-06'),
(232, 85, 5, 19, 660000, '66', '2021-05-06'),
(233, 85, 5, 5, 5330000, '164', '2021-05-06'),
(234, 85, 5, 11, 3680000, '184', '2021-05-06'),
(235, 86, 5, 1, 8900000, '178', '2021-05-07'),
(236, 86, 5, 5, 5460000, '168', '2021-05-07'),
(237, 86, 5, 11, 3560000, '178', '2021-05-07'),
(238, 86, 5, 19, 880000, '88', '2021-05-07'),
(239, 87, 6, 3, 9840000, '246', '2021-04-19'),
(240, 88, 6, 3, 9200000, '230', '2021-04-20'),
(241, 89, 6, 3, 10280000, '257', '2021-04-21'),
(242, 90, 6, 3, 8400000, '210', '2021-04-21'),
(243, 91, 6, 3, 7920000, '198', '2021-04-23'),
(244, 92, 6, 3, 9800000, '245', '2021-04-24'),
(245, 93, 5, 1, 7800000, '156', '2021-05-08'),
(246, 93, 5, 5, 5720000, '176', '2021-05-08'),
(247, 93, 5, 11, 3320000, '166', '2021-05-08'),
(248, 93, 5, 19, 680000, '68', '2021-05-08'),
(249, 94, 6, 3, 10280000, '257', '2021-04-25'),
(250, 95, 6, 3, 8720000, '218', '2021-04-26'),
(251, 96, 6, 3, 9520000, '238', '2021-04-27'),
(252, 97, 6, 3, 9160000, '229', '2021-04-28'),
(253, 98, 6, 3, 7560000, '189', '2021-04-29'),
(254, 99, 6, 3, 8280000, '207', '2021-04-30'),
(255, 100, 6, 3, 10600000, '265', '2021-05-01'),
(256, 101, 6, 3, 9960000, '249', '2021-05-02'),
(257, 102, 6, 3, 10440000, '261', '2021-05-03'),
(258, 103, 6, 3, 10320000, '258', '2021-05-04'),
(259, 104, 6, 3, 11120000, '278', '2021-05-05'),
(260, 105, 6, 3, 10760000, '269', '2021-05-06'),
(261, 106, 6, 3, 11320000, '283', '2021-05-07'),
(262, 107, 6, 3, 11920000, '298', '2021-05-08'),
(263, 108, 8, 2, 32000000, '250', '2021-04-07'),
(264, 109, 8, 2, 31360000, '245', '2021-04-08'),
(266, 111, 8, 2, 28800000, '225', '2021-04-09'),
(267, 112, 8, 2, 29440000, '230', '2021-04-10'),
(268, 113, 8, 2, 28160000, '220', '2021-04-11'),
(269, 114, 8, 2, 28160000, '220', '2021-04-12'),
(270, 115, 8, 2, 33280000, '260', '2021-04-13'),
(271, 116, 8, 2, 32000000, '250', '2021-04-14'),
(272, 117, 8, 2, 29440000, '230', '2021-04-15'),
(273, 118, 8, 2, 30080000, '235', '2021-04-16'),
(275, 120, 8, 2, 31360000, '245', '2021-04-17'),
(276, 121, 8, 2, 32000000, '250', '2021-04-18'),
(277, 122, 8, 2, 29440000, '230', '2021-04-19'),
(278, 123, 8, 2, 26880000, '210', '2021-04-20'),
(279, 124, 8, 2, 26240000, '205', '2021-04-21'),
(280, 125, 8, 2, 28160000, '220', '2021-04-22'),
(281, 126, 8, 2, 27520000, '215', '2021-04-23'),
(282, 127, 8, 2, 28160000, '220', '2021-04-24'),
(283, 128, 8, 2, 35840000, '280', '2021-04-25'),
(284, 129, 8, 2, 26880000, '210', '2021-04-26'),
(285, 130, 8, 2, 23040000, '180', '2021-04-27'),
(286, 131, 8, 2, 29440000, '230', '2021-04-28'),
(287, 132, 8, 2, 31360000, '245', '2021-04-29'),
(288, 133, 8, 2, 33920000, '265', '2021-04-30'),
(289, 134, 8, 2, 38400000, '300', '2021-05-01'),
(290, 135, 8, 2, 32640000, '255', '2021-05-02'),
(291, 136, 8, 2, 30464000, '238', '2021-05-03'),
(292, 137, 8, 2, 31360000, '245', '2021-05-04'),
(293, 138, 8, 2, 33920000, '265', '2021-05-05'),
(294, 139, 8, 2, 29440000, '230', '2021-05-06'),
(295, 140, 8, 2, 28800000, '225', '2021-05-07'),
(296, 141, 8, 2, 29184000, '228', '2021-05-08'),
(305, 149, 5, 1, 7850000, '157', '2021-05-09'),
(306, 150, 5, 19, 980000, '98', '2021-05-09'),
(309, 152, 5, 1, 7850000, '157', '2021-05-10'),
(310, 153, 5, 19, 980000, '98', '2021-05-10'),
(311, 154, 5, 11, 790000, '167', '2021-05-10'),
(320, 163, 5, 1, 7850000, '157', '2021-05-11'),
(321, 164, 5, 19, 980000, '98', '2021-05-11'),
(322, 165, 5, 11, 790000, '167', '2021-05-11'),
(323, 166, 9, 7, 600000, '100', '2021-03-25'),
(324, 167, 9, 7, 570000, '95', '2021-03-26'),
(325, 168, 9, 7, 540000, '90', '2021-03-27'),
(326, 169, 9, 7, 540000, '90', '2021-03-28'),
(327, 170, 9, 7, 540000, '90', '2021-03-29');

-- --------------------------------------------------------

--
-- Table structure for table `pinjaman_anggota`
--

CREATE TABLE `pinjaman_anggota` (
  `id_pinjam` int(11) NOT NULL,
  `tgl` date NOT NULL,
  `id_anggota` int(11) NOT NULL,
  `jumlah` int(11) NOT NULL,
  `id_cicilan` int(11) NOT NULL,
  `lama` smallint(6) NOT NULL,
  `bunga` smallint(6) NOT NULL
) ENGINE=MyISAM DEFAULT CHARSET=latin1;

--
-- Dumping data for table `pinjaman_anggota`
--

INSERT INTO `pinjaman_anggota` (`id_pinjam`, `tgl`, `id_anggota`, `jumlah`, `id_cicilan`, `lama`, `bunga`) VALUES
(1, '2021-07-01', 10, 5000000, 2, 3, 1),
(4, '2021-07-08', 7, 1000000, 2, 3, 1),
(3, '2021-07-01', 5, 5000000, 2, 3, 1),
(5, '2021-07-08', 6, 500000, 1, 1, 1),
(6, '2021-07-07', 5, 500000, 1, 1, 1),
(7, '2021-08-05', 6, 1500000, 2, 3, 1),
(8, '2021-08-05', 5, 1600000, 1, 1, 1);

-- --------------------------------------------------------

--
-- Table structure for table `pinjaman_detail`
--

CREATE TABLE `pinjaman_detail` (
  `id_pinjaman` int(11) NOT NULL,
  `id_pinjam` int(11) NOT NULL,
  `id_cicilan` int(11) NOT NULL,
  `angsuran` int(11) NOT NULL,
  `bunga` int(11) NOT NULL,
  `tgl_bayar` date NOT NULL,
  `jumlah_bayar` int(11) NOT NULL
) ENGINE=MyISAM DEFAULT CHARSET=latin1;

--
-- Dumping data for table `pinjaman_detail`
--

INSERT INTO `pinjaman_detail` (`id_pinjaman`, `id_pinjam`, `id_cicilan`, `angsuran`, `bunga`, `tgl_bayar`, `jumlah_bayar`) VALUES
(1, 1, 2, 1669445, 1, '2021-07-01', 5008336),
(4, 4, 2, 333889, 1, '2021-07-08', 1001667),
(3, 3, 2, 1669445, 1, '2021-07-01', 5008336),
(5, 5, 1, 500417, 1, '2021-07-08', 500417),
(6, 6, 1, 500417, 1, '2021-07-07', 500417),
(7, 7, 2, 500834, 1, '2021-08-05', 1502501),
(8, 8, 1, 1601333, 1, '2021-08-05', 1601333);

-- --------------------------------------------------------

--
-- Table structure for table `simpanan`
--

CREATE TABLE `simpanan` (
  `id_simpanan` int(11) NOT NULL,
  `id_anggota` int(11) NOT NULL,
  `id_jenis_simpanan` int(11) NOT NULL,
  `jumlah_simpan` varchar(100) NOT NULL
) ENGINE=InnoDB DEFAULT CHARSET=latin1;

--
-- Dumping data for table `simpanan`
--

INSERT INTO `simpanan` (`id_simpanan`, `id_anggota`, `id_jenis_simpanan`, `jumlah_simpan`) VALUES
(2, 5, 2, '60000'),
(3, 6, 2, '150000'),
(4, 11, 2, '50000'),
(5, 12, 1, '100000'),
(6, 5, 1, '100000'),
(7, 5, 1, '15000'),
(8, 5, 1, '10000');

-- --------------------------------------------------------

--
-- Table structure for table `simpanan_detail`
--

CREATE TABLE `simpanan_detail` (
  `id_detail_simpan` int(11) NOT NULL,
  `id_simpanan` int(11) NOT NULL,
  `id_jenis_simpanan` int(11) NOT NULL,
  `id_anggota` int(11) NOT NULL,
  `tanggal_simpan` date NOT NULL,
  `jumlah_simpan` varchar(100) NOT NULL
) ENGINE=InnoDB DEFAULT CHARSET=latin1;

--
-- Dumping data for table `simpanan_detail`
--

INSERT INTO `simpanan_detail` (`id_detail_simpan`, `id_simpanan`, `id_jenis_simpanan`, `id_anggota`, `tanggal_simpan`, `jumlah_simpan`) VALUES
(2, 2, 2, 5, '2021-07-06', '60000'),
(3, 3, 2, 6, '2021-06-08', '150000'),
(4, 4, 2, 11, '2021-07-07', '50000'),
(5, 5, 1, 12, '2021-07-08', '100000'),
(6, 6, 1, 5, '2021-07-08', '100000'),
(7, 7, 1, 5, '2021-08-05', '15000'),
(8, 8, 1, 5, '2021-08-06', '10000');

-- --------------------------------------------------------

--
-- Table structure for table `supplier`
--

CREATE TABLE `supplier` (
  `id_supplier` int(11) NOT NULL,
  `nama_supplier` varchar(100) NOT NULL,
  `username` varchar(100) NOT NULL,
  `password` varchar(100) NOT NULL,
  `alamat` varchar(100) NOT NULL,
  `no_tlp` varchar(50) NOT NULL,
  `no_ktp` varchar(100) NOT NULL,
  `foto_supplier` varchar(255) NOT NULL
) ENGINE=InnoDB DEFAULT CHARSET=latin1;

--
-- Dumping data for table `supplier`
--

INSERT INTO `supplier` (`id_supplier`, `nama_supplier`, `username`, `password`, `alamat`, `no_tlp`, `no_ktp`, `foto_supplier`) VALUES
(1, 'Joko', 'jono123', '12345', 'Magelang', '085611309872', 'Array', 'ava1.png'),
(2, 'Muhammad Agus', 'agus123', '123456', 'Madiun', '0873915624972', '3194620742681379', 'ava1.png'),
(3, 'Pawit', 'pawit12', '123456', 'Palembang', '0815976430217', '3175934682497521', 'ava1.png'),
(4, 'Herman', 'herman2', '123456', 'Blitar', '087894672164', '3194678216795547', 'ava1.png'),
(5, 'Anton', 'ton34', '123456', 'Kudus', '085619782643', '3946782546132079', 'ava1.png'),
(6, 'Seta', 'seta99', '123456', 'Blitar', '0896197632105', '3794612057943103', 'ava1.png'),
(7, 'Misnun', 'cenun12', '123456', 'Lampung', '082167943154', '3197642468971604', 'ava1.png'),
(8, 'Amri', 'amri65', '123456', 'Madura', '087794613546', '3168942015796346', 'ava1.png'),
(9, 'Sahroni', 'sahroni', '123456', 'Purworejo', '081375012419', '31620198726106123', 'ava1.png'),
(10, 'Painem', 'painem4', '12345', 'Surabaya', '085186210821', '31850612057008251', 'ava1.png');

-- --------------------------------------------------------

--
-- Table structure for table `user`
--

CREATE TABLE `user` (
  `id_user` int(11) NOT NULL,
  `nama_user` varchar(50) NOT NULL,
  `username` varchar(50) NOT NULL,
  `password` varchar(50) NOT NULL,
  `level_user` varchar(20) NOT NULL
) ENGINE=InnoDB DEFAULT CHARSET=latin1;

--
-- Dumping data for table `user`
--

INSERT INTO `user` (`id_user`, `nama_user`, `username`, `password`, `level_user`) VALUES
(1, 'Admin', 'admin', 'admin', 'admin'),
(4, 'tama', 'tama21', '12345', 'admin');

--
-- Indexes for dumped tables
--

--
-- Indexes for table `anggota`
--
ALTER TABLE `anggota`
  ADD PRIMARY KEY (`id_anggota`);

--
-- Indexes for table `barang_dagang`
--
ALTER TABLE `barang_dagang`
  ADD PRIMARY KEY (`id_barang`);

--
-- Indexes for table `barang_detail`
--
ALTER TABLE `barang_detail`
  ADD PRIMARY KEY (`id_detail_barang`);

--
-- Indexes for table `cicilan`
--
ALTER TABLE `cicilan`
  ADD PRIMARY KEY (`id_cicilan`);

--
-- Indexes for table `iuran_detail`
--
ALTER TABLE `iuran_detail`
  ADD PRIMARY KEY (`id_iuran`);

--
-- Indexes for table `jenis_barang`
--
ALTER TABLE `jenis_barang`
  ADD PRIMARY KEY (`id_jenis`);

--
-- Indexes for table `jenis_simpanan`
--
ALTER TABLE `jenis_simpanan`
  ADD PRIMARY KEY (`id_jenis_simpanan`);

--
-- Indexes for table `manager`
--
ALTER TABLE `manager`
  ADD PRIMARY KEY (`id_manager`);

--
-- Indexes for table `pembelian`
--
ALTER TABLE `pembelian`
  ADD PRIMARY KEY (`id_pembelian`);

--
-- Indexes for table `pembelian_barang`
--
ALTER TABLE `pembelian_barang`
  ADD PRIMARY KEY (`id_pembelian_barang`);

--
-- Indexes for table `pinjaman_anggota`
--
ALTER TABLE `pinjaman_anggota`
  ADD PRIMARY KEY (`id_pinjam`);

--
-- Indexes for table `pinjaman_detail`
--
ALTER TABLE `pinjaman_detail`
  ADD PRIMARY KEY (`id_pinjaman`);

--
-- Indexes for table `simpanan`
--
ALTER TABLE `simpanan`
  ADD PRIMARY KEY (`id_simpanan`);

--
-- Indexes for table `simpanan_detail`
--
ALTER TABLE `simpanan_detail`
  ADD PRIMARY KEY (`id_detail_simpan`);

--
-- Indexes for table `supplier`
--
ALTER TABLE `supplier`
  ADD PRIMARY KEY (`id_supplier`);

--
-- Indexes for table `user`
--
ALTER TABLE `user`
  ADD PRIMARY KEY (`id_user`);

--
-- AUTO_INCREMENT for dumped tables
--

--
-- AUTO_INCREMENT for table `anggota`
--
ALTER TABLE `anggota`
  MODIFY `id_anggota` int(11) NOT NULL AUTO_INCREMENT, AUTO_INCREMENT=13;

--
-- AUTO_INCREMENT for table `barang_dagang`
--
ALTER TABLE `barang_dagang`
  MODIFY `id_barang` int(11) NOT NULL AUTO_INCREMENT, AUTO_INCREMENT=30;

--
-- AUTO_INCREMENT for table `barang_detail`
--
ALTER TABLE `barang_detail`
  MODIFY `id_detail_barang` int(11) NOT NULL AUTO_INCREMENT, AUTO_INCREMENT=68;

--
-- AUTO_INCREMENT for table `cicilan`
--
ALTER TABLE `cicilan`
  MODIFY `id_cicilan` int(11) NOT NULL AUTO_INCREMENT, AUTO_INCREMENT=3;

--
-- AUTO_INCREMENT for table `iuran_detail`
--
ALTER TABLE `iuran_detail`
  MODIFY `id_iuran` int(11) NOT NULL AUTO_INCREMENT, AUTO_INCREMENT=8;

--
-- AUTO_INCREMENT for table `jenis_barang`
--
ALTER TABLE `jenis_barang`
  MODIFY `id_jenis` int(11) NOT NULL AUTO_INCREMENT, AUTO_INCREMENT=6;

--
-- AUTO_INCREMENT for table `jenis_simpanan`
--
ALTER TABLE `jenis_simpanan`
  MODIFY `id_jenis_simpanan` int(11) NOT NULL AUTO_INCREMENT, AUTO_INCREMENT=3;

--
-- AUTO_INCREMENT for table `manager`
--
ALTER TABLE `manager`
  MODIFY `id_manager` int(11) NOT NULL AUTO_INCREMENT, AUTO_INCREMENT=4;

--
-- AUTO_INCREMENT for table `pembelian`
--
ALTER TABLE `pembelian`
  MODIFY `id_pembelian` int(11) NOT NULL AUTO_INCREMENT, AUTO_INCREMENT=180;

--
-- AUTO_INCREMENT for table `pembelian_barang`
--
ALTER TABLE `pembelian_barang`
  MODIFY `id_pembelian_barang` int(11) NOT NULL AUTO_INCREMENT, AUTO_INCREMENT=337;

--
-- AUTO_INCREMENT for table `pinjaman_anggota`
--
ALTER TABLE `pinjaman_anggota`
  MODIFY `id_pinjam` int(11) NOT NULL AUTO_INCREMENT, AUTO_INCREMENT=9;

--
-- AUTO_INCREMENT for table `pinjaman_detail`
--
ALTER TABLE `pinjaman_detail`
  MODIFY `id_pinjaman` int(11) NOT NULL AUTO_INCREMENT, AUTO_INCREMENT=9;

--
-- AUTO_INCREMENT for table `simpanan`
--
ALTER TABLE `simpanan`
  MODIFY `id_simpanan` int(11) NOT NULL AUTO_INCREMENT, AUTO_INCREMENT=9;

--
-- AUTO_INCREMENT for table `simpanan_detail`
--
ALTER TABLE `simpanan_detail`
  MODIFY `id_detail_simpan` int(11) NOT NULL AUTO_INCREMENT, AUTO_INCREMENT=9;

--
-- AUTO_INCREMENT for table `supplier`
--
ALTER TABLE `supplier`
  MODIFY `id_supplier` int(11) NOT NULL AUTO_INCREMENT, AUTO_INCREMENT=11;

--
-- AUTO_INCREMENT for table `user`
--
ALTER TABLE `user`
  MODIFY `id_user` int(11) NOT NULL AUTO_INCREMENT, AUTO_INCREMENT=6;
COMMIT;

/*!40101 SET CHARACTER_SET_CLIENT=@OLD_CHARACTER_SET_CLIENT */;
/*!40101 SET CHARACTER_SET_RESULTS=@OLD_CHARACTER_SET_RESULTS */;
/*!40101 SET COLLATION_CONNECTION=@OLD_COLLATION_CONNECTION */;
